title,body
Sample Title 1,This is the body text for row number 1. It contains placeholder text for testing purposes.
Sample Title 2,This is the body text for row number 2. It contains placeholder text for testing purposes.
Sample Title 3,This is the body text for row number 3. It contains placeholder text for testing purposes.
Sample Title 4,This is the body text for row number 4. It contains placeholder text for testing purposes.
Sample Title 5,This is the body text for row number 5. It contains placeholder text for testing purposes.
Sample Title 6,This is the body text for row number 6. It contains placeholder text for testing purposes.
Sample Title 7,This is the body text for row number 7. It contains placeholder text for testing purposes.
Sample Title 8,This is the body text for row number 8. It contains placeholder text for testing purposes.
Sample Title 9,This is the body text for row number 9. It contains placeholder text for testing purposes.
Sample Title 10,This is the body text for row number 10. It contains placeholder text for testing purposes.
Sample Title 11,This is the body text for row number 11. It contains placeholder text for testing purposes.
Sample Title 12,This is the body text for row number 12. It contains placeholder text for testing purposes.
Sample Title 13,This is the body text for row number 13. It contains placeholder text for testing purposes.
Sample Title 14,This is the body text for row number 14. It contains placeholder text for testing purposes.
Sample Title 15,This is the body text for row number 15. It contains placeholder text for testing purposes.
Sample Title 16,This is the body text for row number 16. It contains placeholder text for testing purposes.
Sample Title 17,This is the body text for row number 17. It contains placeholder text for testing purposes.
Sample Title 18,This is the body text for row number 18. It contains placeholder text for testing purposes.
Sample Title 19,This is the body text for row number 19. It contains placeholder text for testing purposes.
Sample Title 20,This is the body text for row number 20. It contains placeholder text for testing purposes.
Sample Title 21,This is the body text for row number 21. It contains placeholder text for testing purposes.
Sample Title 22,This is the body text for row number 22. It contains placeholder text for testing purposes.
Sample Title 23,This is the body text for row number 23. It contains placeholder text for testing purposes.
Sample Title 24,This is the body text for row number 24. It contains placeholder text for testing purposes.
Sample Title 25,This is the body text for row number 25. It contains placeholder text for testing purposes.
Sample Title 26,This is the body text for row number 26. It contains placeholder text for testing purposes.
Sample Title 27,This is the body text for row number 27. It contains placeholder text for testing purposes.
Sample Title 28,This is the body text for row number 28. It contains placeholder text for testing purposes.
Sample Title 29,This is the body text for row number 29. It contains placeholder text for testing purposes.
Sample Title 30,This is the body text for row number 30. It contains placeholder text for testing purposes.
Sample Title 31,This is the body text for row number 31. It contains placeholder text for testing purposes.
Sample Title 32,This is the body text for row number 32. It contains placeholder text for testing purposes.
Sample Title 33,This is the body text for row number 33. It contains placeholder text for testing purposes.
Sample Title 34,This is the body text for row number 34. It contains placeholder text for testing purposes.
Sample Title 35,This is the body text for row number 35. It contains placeholder text for testing purposes.
Sample Title 36,This is the body text for row number 36. It contains placeholder text for testing purposes.
Sample Title 37,This is the body text for row number 37. It contains placeholder text for testing purposes.
Sample Title 38,This is the body text for row number 38. It contains placeholder text for testing purposes.
Sample Title 39,This is the body text for row number 39. It contains placeholder text for testing purposes.
Sample Title 40,This is the body text for row number 40. It contains placeholder text for testing purposes.
Sample Title 41,This is the body text for row number 41. It contains placeholder text for testing purposes.
Sample Title 42,This is the body text for row number 42. It contains placeholder text for testing purposes.
Sample Title 43,This is the body text for row number 43. It contains placeholder text for testing purposes.
Sample Title 44,This is the body text for row number 44. It contains placeholder text for testing purposes.
Sample Title 45,This is the body text for row number 45. It contains placeholder text for testing purposes.
Sample Title 46,This is the body text for row number 46. It contains placeholder text for testing purposes.
Sample Title 47,This is the body text for row number 47. It contains placeholder text for testing purposes.
Sample Title 48,This is the body text for row number 48. It contains placeholder text for testing purposes.
Sample Title 49,This is the body text for row number 49. It contains placeholder text for testing purposes.
Sample Title 50,This is the body text for row number 50. It contains placeholder text for testing purposes.
Sample Title 51,This is the body text for row number 51. It contains placeholder text for testing purposes.
Sample Title 52,This is the body text for row number 52. It contains placeholder text for testing purposes.
Sample Title 53,This is the body text for row number 53. It contains placeholder text for testing purposes.
Sample Title 54,This is the body text for row number 54. It contains placeholder text for testing purposes.
Sample Title 55,This is the body text for row number 55. It contains placeholder text for testing purposes.
Sample Title 56,This is the body text for row number 56. It contains placeholder text for testing purposes.
Sample Title 57,This is the body text for row number 57. It contains placeholder text for testing purposes.
Sample Title 58,This is the body text for row number 58. It contains placeholder text for testing purposes.
Sample Title 59,This is the body text for row number 59. It contains placeholder text for testing purposes.
Sample Title 60,This is the body text for row number 60. It contains placeholder text for testing purposes.
Sample Title 61,This is the body text for row number 61. It contains placeholder text for testing purposes.
Sample Title 62,This is the body text for row number 62. It contains placeholder text for testing purposes.
Sample Title 63,This is the body text for row number 63. It contains placeholder text for testing purposes.
Sample Title 64,This is the body text for row number 64. It contains placeholder text for testing purposes.
Sample Title 65,This is the body text for row number 65. It contains placeholder text for testing purposes.
Sample Title 66,This is the body text for row number 66. It contains placeholder text for testing purposes.
Sample Title 67,This is the body text for row number 67. It contains placeholder text for testing purposes.
Sample Title 68,This is the body text for row number 68. It contains placeholder text for testing purposes.
Sample Title 69,This is the body text for row number 69. It contains placeholder text for testing purposes.
Sample Title 70,This is the body text for row number 70. It contains placeholder text for testing purposes.
Sample Title 71,This is the body text for row number 71. It contains placeholder text for testing purposes.
Sample Title 72,This is the body text for row number 72. It contains placeholder text for testing purposes.
Sample Title 73,This is the body text for row number 73. It contains placeholder text for testing purposes.
Sample Title 74,This is the body text for row number 74. It contains placeholder text for testing purposes.
Sample Title 75,This is the body text for row number 75. It contains placeholder text for testing purposes.
Sample Title 76,This is the body text for row number 76. It contains placeholder text for testing purposes.
Sample Title 77,This is the body text for row number 77. It contains placeholder text for testing purposes.
Sample Title 78,This is the body text for row number 78. It contains placeholder text for testing purposes.
Sample Title 79,This is the body text for row number 79. It contains placeholder text for testing purposes.
Sample Title 80,This is the body text for row number 80. It contains placeholder text for testing purposes.
Sample Title 81,This is the body text for row number 81. It contains placeholder text for testing purposes.
Sample Title 82,This is the body text for row number 82. It contains placeholder text for testing purposes.
Sample Title 83,This is the body text for row number 83. It contains placeholder text for testing purposes.
Sample Title 84,This is the body text for row number 84. It contains placeholder text for testing purposes.
Sample Title 85,This is the body text for row number 85. It contains placeholder text for testing purposes.
Sample Title 86,This is the body text for row number 86. It contains placeholder text for testing purposes.
Sample Title 87,This is the body text for row number 87. It contains placeholder text for testing purposes.
Sample Title 88,This is the body text for row number 88. It contains placeholder text for testing purposes.
Sample Title 89,This is the body text for row number 89. It contains placeholder text for testing purposes.
Sample Title 90,This is the body text for row number 90. It contains placeholder text for testing purposes.
Sample Title 91,This is the body text for row number 91. It contains placeholder text for testing purposes.
Sample Title 92,This is the body text for row number 92. It contains placeholder text for testing purposes.
Sample Title 93,This is the body text for row number 93. It contains placeholder text for testing purposes.
Sample Title 94,This is the body text for row number 94. It contains placeholder text for testing purposes.
Sample Title 95,This is the body text for row number 95. It contains placeholder text for testing purposes.
Sample Title 96,This is the body text for row number 96. It contains placeholder text for testing purposes.
Sample Title 97,This is the body text for row number 97. It contains placeholder text for testing purposes.
Sample Title 98,This is the body text for row number 98. It contains placeholder text for testing purposes.
Sample Title 99,This is the body text for row number 99. It contains placeholder text for testing purposes.
Sample Title 100,This is the body text for row number 100. It contains placeholder text for testing purposes.
Sample Title 101,This is the body text for row number 101. It contains placeholder text for testing purposes.
Sample Title 102,This is the body text for row number 102. It contains placeholder text for testing purposes.
Sample Title 103,This is the body text for row number 103. It contains placeholder text for testing purposes.
Sample Title 104,This is the body text for row number 104. It contains placeholder text for testing purposes.
Sample Title 105,This is the body text for row number 105. It contains placeholder text for testing purposes.
Sample Title 106,This is the body text for row number 106. It contains placeholder text for testing purposes.
Sample Title 107,This is the body text for row number 107. It contains placeholder text for testing purposes.
Sample Title 108,This is the body text for row number 108. It contains placeholder text for testing purposes.
Sample Title 109,This is the body text for row number 109. It contains placeholder text for testing purposes.
Sample Title 110,This is the body text for row number 110. It contains placeholder text for testing purposes.
Sample Title 111,This is the body text for row number 111. It contains placeholder text for testing purposes.
Sample Title 112,This is the body text for row number 112. It contains placeholder text for testing purposes.
Sample Title 113,This is the body text for row number 113. It contains placeholder text for testing purposes.
Sample Title 114,This is the body text for row number 114. It contains placeholder text for testing purposes.
Sample Title 115,This is the body text for row number 115. It contains placeholder text for testing purposes.
Sample Title 116,This is the body text for row number 116. It contains placeholder text for testing purposes.
Sample Title 117,This is the body text for row number 117. It contains placeholder text for testing purposes.
Sample Title 118,This is the body text for row number 118. It contains placeholder text for testing purposes.
Sample Title 119,This is the body text for row number 119. It contains placeholder text for testing purposes.
Sample Title 120,This is the body text for row number 120. It contains placeholder text for testing purposes.
Sample Title 121,This is the body text for row number 121. It contains placeholder text for testing purposes.
Sample Title 122,This is the body text for row number 122. It contains placeholder text for testing purposes.
Sample Title 123,This is the body text for row number 123. It contains placeholder text for testing purposes.
Sample Title 124,This is the body text for row number 124. It contains placeholder text for testing purposes.
Sample Title 125,This is the body text for row number 125. It contains placeholder text for testing purposes.
Sample Title 126,This is the body text for row number 126. It contains placeholder text for testing purposes.
Sample Title 127,This is the body text for row number 127. It contains placeholder text for testing purposes.
Sample Title 128,This is the body text for row number 128. It contains placeholder text for testing purposes.
Sample Title 129,This is the body text for row number 129. It contains placeholder text for testing purposes.
Sample Title 130,This is the body text for row number 130. It contains placeholder text for testing purposes.
Sample Title 131,This is the body text for row number 131. It contains placeholder text for testing purposes.
Sample Title 132,This is the body text for row number 132. It contains placeholder text for testing purposes.
Sample Title 133,This is the body text for row number 133. It contains placeholder text for testing purposes.
Sample Title 134,This is the body text for row number 134. It contains placeholder text for testing purposes.
Sample Title 135,This is the body text for row number 135. It contains placeholder text for testing purposes.
Sample Title 136,This is the body text for row number 136. It contains placeholder text for testing purposes.
Sample Title 137,This is the body text for row number 137. It contains placeholder text for testing purposes.
Sample Title 138,This is the body text for row number 138. It contains placeholder text for testing purposes.
Sample Title 139,This is the body text for row number 139. It contains placeholder text for testing purposes.
Sample Title 140,This is the body text for row number 140. It contains placeholder text for testing purposes.
Sample Title 141,This is the body text for row number 141. It contains placeholder text for testing purposes.
Sample Title 142,This is the body text for row number 142. It contains placeholder text for testing purposes.
Sample Title 143,This is the body text for row number 143. It contains placeholder text for testing purposes.
Sample Title 144,This is the body text for row number 144. It contains placeholder text for testing purposes.
Sample Title 145,This is the body text for row number 145. It contains placeholder text for testing purposes.
Sample Title 146,This is the body text for row number 146. It contains placeholder text for testing purposes.
Sample Title 147,This is the body text for row number 147. It contains placeholder text for testing purposes.
Sample Title 148,This is the body text for row number 148. It contains placeholder text for testing purposes.
Sample Title 149,This is the body text for row number 149. It contains placeholder text for testing purposes.
Sample Title 150,This is the body text for row number 150. It contains placeholder text for testing purposes.
Sample Title 151,This is the body text for row number 151. It contains placeholder text for testing purposes.
Sample Title 152,This is the body text for row number 152. It contains placeholder text for testing purposes.
Sample Title 153,This is the body text for row number 153. It contains placeholder text for testing purposes.
Sample Title 154,This is the body text for row number 154. It contains placeholder text for testing purposes.
Sample Title 155,This is the body text for row number 155. It contains placeholder text for testing purposes.
Sample Title 156,This is the body text for row number 156. It contains placeholder text for testing purposes.
Sample Title 157,This is the body text for row number 157. It contains placeholder text for testing purposes.
Sample Title 158,This is the body text for row number 158. It contains placeholder text for testing purposes.
Sample Title 159,This is the body text for row number 159. It contains placeholder text for testing purposes.
Sample Title 160,This is the body text for row number 160. It contains placeholder text for testing purposes.
Sample Title 161,This is the body text for row number 161. It contains placeholder text for testing purposes.
Sample Title 162,This is the body text for row number 162. It contains placeholder text for testing purposes.
Sample Title 163,This is the body text for row number 163. It contains placeholder text for testing purposes.
Sample Title 164,This is the body text for row number 164. It contains placeholder text for testing purposes.
Sample Title 165,This is the body text for row number 165. It contains placeholder text for testing purposes.
Sample Title 166,This is the body text for row number 166. It contains placeholder text for testing purposes.
Sample Title 167,This is the body text for row number 167. It contains placeholder text for testing purposes.
Sample Title 168,This is the body text for row number 168. It contains placeholder text for testing purposes.
Sample Title 169,This is the body text for row number 169. It contains placeholder text for testing purposes.
Sample Title 170,This is the body text for row number 170. It contains placeholder text for testing purposes.
Sample Title 171,This is the body text for row number 171. It contains placeholder text for testing purposes.
Sample Title 172,This is the body text for row number 172. It contains placeholder text for testing purposes.
Sample Title 173,This is the body text for row number 173. It contains placeholder text for testing purposes.
Sample Title 174,This is the body text for row number 174. It contains placeholder text for testing purposes.
Sample Title 175,This is the body text for row number 175. It contains placeholder text for testing purposes.
Sample Title 176,This is the body text for row number 176. It contains placeholder text for testing purposes.
Sample Title 177,This is the body text for row number 177. It contains placeholder text for testing purposes.
Sample Title 178,This is the body text for row number 178. It contains placeholder text for testing purposes.
Sample Title 179,This is the body text for row number 179. It contains placeholder text for testing purposes.
Sample Title 180,This is the body text for row number 180. It contains placeholder text for testing purposes.
Sample Title 181,This is the body text for row number 181. It contains placeholder text for testing purposes.
Sample Title 182,This is the body text for row number 182. It contains placeholder text for testing purposes.
Sample Title 183,This is the body text for row number 183. It contains placeholder text for testing purposes.
Sample Title 184,This is the body text for row number 184. It contains placeholder text for testing purposes.
Sample Title 185,This is the body text for row number 185. It contains placeholder text for testing purposes.
Sample Title 186,This is the body text for row number 186. It contains placeholder text for testing purposes.
Sample Title 187,This is the body text for row number 187. It contains placeholder text for testing purposes.
Sample Title 188,This is the body text for row number 188. It contains placeholder text for testing purposes.
Sample Title 189,This is the body text for row number 189. It contains placeholder text for testing purposes.
Sample Title 190,This is the body text for row number 190. It contains placeholder text for testing purposes.
Sample Title 191,This is the body text for row number 191. It contains placeholder text for testing purposes.
Sample Title 192,This is the body text for row number 192. It contains placeholder text for testing purposes.
Sample Title 193,This is the body text for row number 193. It contains placeholder text for testing purposes.
Sample Title 194,This is the body text for row number 194. It contains placeholder text for testing purposes.
Sample Title 195,This is the body text for row number 195. It contains placeholder text for testing purposes.
Sample Title 196,This is the body text for row number 196. It contains placeholder text for testing purposes.
Sample Title 197,This is the body text for row number 197. It contains placeholder text for testing purposes.
Sample Title 198,This is the body text for row number 198. It contains placeholder text for testing purposes.
Sample Title 199,This is the body text for row number 199. It contains placeholder text for testing purposes.
Sample Title 200,This is the body text for row number 200. It contains placeholder text for testing purposes.
